{"cameraMode":{"drawMode":0,"name":"Shaded","section":"Shading Mode"},"sceneLighting":true,"audioPlay":false,"sceneViewState":{"m_AlwaysRefresh":false,"showFog":true,"showSkybox":true,"showFlares":true,"showImageEffects":true,"showParticleSystems":true,"showVisualEffectGraphs":true,"m_FxEnabled":true},"in2DMode":false,"pivot":{"x":1.1895976066589356,"y":-0.1742258071899414,"z":1.0564069747924805},"rotation":{"x":-0.17520388960838319,"y":0.3189924359321594,"z":-0.060127902776002887,"w":-0.9294863939285278},"size":3.007394790649414,"orthographic":false}